AppointmentID,A1,A2,A3,A4,Noshow
1,118.1800396,5.290598665,8.056590666,21.79772773,0
2,142.2298559,5.227656689,11.50113971,22.83515644,0
3,110.7294609,5.31427828,15.5002598,23.32095792,0
4,118.4842032,4.088322013,-0.015956901,21.81042571,0
5,71.6424312,8.84900035,11.53249616,16.23437184,1
6,104.4748723,5.783038371,15.09732896,13.04631671,1
7,98.05383552,5.819756083,9.06981005,22.16650313,0
8,80.01460895,6.138203976,12.05902975,19.71087652,0
9,106.6337173,7.703151427,7.551353483,19.86262859,0
10,112.5638999,4.306455623,4.788048729,27.53643353,0
11,110.0720868,7.112946067,10.63084044,24.17277528,0
12,105.4298157,5.439358447,5.762680141,14.42889592,0
13,96.35722214,9.534840463,7.863690593,24.08011902,0
14,98.54555363,4.647757156,4.126674211,21.42317508,0
15,62.85587184,7.045981662,9.552586296,20.1539516,1
16,70.47877455,10.26584405,13.03668857,15.9916689,0
17,94.49256421,3.199055228,8.775319766,21.8091261,0
18,57.64099089,6.365414545,6.679432256,22.03705855,1
19,90.00726359,5.089751921,11.49195026,18.84118188,0
20,94.01723117,7.297771093,11.68632797,21.71605934,0
21,115.1800508,5.184155298,7.048636592,11.58328074,0
22,71.5013951,3.07581206,14.10989615,10.79002744,0
23,80.60962478,4.88483345,14.041797,31.15406759,0
24,100.5257453,6.031149707,10.55645442,16.87511644,0
25,84.85586135,7.209546044,3.46280584,18.13703908,1
26,67.55571441,2.655057235,10.92035261,32.89350986,0
27,98.9950101,6.218648724,10.50681471,21.22110026,0
28,120.9131154,6.780734085,11.68262823,16.74280596,0
29,101.2597902,4.696003634,10.42853363,25.34343144,1
30,93.17106304,6.798346511,9.974745841,24.68195794,0
31,96.79800476,5.190620229,15.12846235,12.31773128,0
32,83.51375485,2.043395897,5.916836513,15.91229505,1
33,99.22440434,4.920719455,7.347529964,25.15588837,0
34,122.9897045,7.386554932,15.51959364,18.97107026,0
35,88.72686451,3.800886744,3.923305174,29.94883406,0
36,80.02550788,6.687116519,13.76728972,17.21888319,1
37,84.35289792,7.42396624,3.702230139,18.53167618,1
38,67.18358099,1.872175621,10.57685899,16.23846976,0
39,109.5412202,6.176087537,12.0890633,19.77127328,0
40,63.23440708,5.627369476,8.177610825,18.83341456,1
41,66.47115466,4.015872439,11.28838101,19.08219012,1
42,100.9025072,4.460201506,6.763569354,16.6974962,0
43,68.07460042,5.557591023,17.33786874,27.44028101,0
44,119.840331,5.60946482,9.589380748,21.55110843,1
45,153.3641832,5.480860908,6.334325325,15.67581165,0
46,149.9565602,0.493200947,6.171095242,15.62281544,0
47,84.2227931,3.576090533,7.111014135,21.8973412,0
48,67.19986364,2.830244161,10.33950813,16.10283516,1
49,129.5930266,1.699296157,12.22293385,20.47054278,0
50,112.6325697,4.145387516,2.976992601,18.49378487,0
51,48.66833579,5.192880378,2.386045195,12.81980577,1
52,122.9777841,4.75082004,9.038323995,18.45207783,0
53,95.90875534,7.305466906,7.661474118,19.71954336,1
54,86.75996346,4.736243787,11.44516868,16.88529021,0
55,92.64816006,6.70942433,5.631147103,16.86312653,0
56,42.5682739,8.993069636,8.967407204,20.13619406,1
57,85.10768958,6.320154911,6.58161248,17.60694845,1
58,122.4282578,5.228360637,10.33270283,18.1979875,0
59,89.48355159,2.68523421,16.70858856,20.16682307,0
60,89.53797238,9.659718793,6.087176619,22.36700842,1
61,39.95016597,6.508912945,9.990614349,21.42712148,1
62,88.42933038,4.305078047,8.567840793,25.49840796,0
63,100.6693382,7.820571508,11.33872701,22.96485279,0
64,79.90966976,6.871698235,8.643710255,17.81016086,1
65,87.2113463,2.216297614,12.70257877,16.88132889,0
66,127.6082102,4.782617267,9.824592846,17.27092087,0
67,90.0192895,3.429022225,9.399345023,17.16489378,0
68,50.22777389,2.711072286,4.823671241,20.83413314,1
69,110.7821797,2.61744282,9.910431998,15.88386473,0
70,67.91476882,4.600428522,15.12929758,6.986616944,1
71,105.9440267,8.618905503,13.83261504,22.17317606,1
72,92.61448589,4.921737005,15.13095779,19.87967101,0
73,90.06707518,4.135898396,5.278987735,26.78974165,0
74,120.6739489,8.424279221,7.119976014,17.7607586,1
75,88.27607597,3.756729227,14.89575045,14.81800842,0
76,107.1777147,7.002132272,3.074188556,25.96434444,1
77,102.954275,5.233757405,12.80204485,24.58411713,0
78,67.55106456,4.64878755,10.30662721,20.74539969,1
79,126.8147367,6.948561763,5.672280859,19.38882458,0
80,93.66771481,4.159222815,7.815537135,17.56142129,1
81,104.7893287,3.555633411,10.06687049,17.34216288,1
82,115.7404516,6.699749834,12.91377861,16.58145778,0
83,91.66879919,9.574838776,2.17717452,23.41932314,1
84,67.0678265,5.808093508,6.594604167,17.56739525,1
85,103.7428298,4.258486635,7.449319362,18.29332195,1
86,78.40840651,9.361865492,11.97482349,19.22439474,1
87,113.1683842,6.174008921,6.753710687,20.11810641,0
88,100.7580666,2.480136966,3.83578361,20.59038837,0
89,101.8539114,9.197449444,18.25843981,24.59059696,1
90,120.6522767,7.302857993,9.020558576,26.67326997,0
91,87.49859548,6.259382363,11.25263108,15.21733266,1
92,107.3060869,0.354254973,8.551279786,21.15393323,0
93,73.01682106,6.847446281,8.949029566,22.65149408,1
94,103.0752935,6.511410492,11.01908871,11.40732057,0
95,69.63159857,4.961013716,8.657934796,25.37140423,0
96,103.9982351,6.949941481,9.644998181,13.59936056,0
97,76.88966868,7.162654103,15.6252711,28.36016444,0
98,83.65980265,9.752597817,8.214769284,20.17307767,1
99,73.12427709,8.18104153,3.844010135,18.00308793,1
100,82.04979757,7.500530176,7.65198847,24.08803463,1
101,109.7099092,4.276052286,8.058753861,21.53583017,0
102,132.4485257,5.363062304,6.615714931,19.54259332,1
103,88.07810663,6.097617364,3.897256975,28.61995539,1
104,52.92414903,5.615934277,11.88306624,18.81552561,1
105,113.3197562,2.709737074,11.72002139,27.83835302,0
106,33.15323749,4.980006537,-2.1468204,19.23131927,1
107,86.36646427,7.020065734,12.65732696,26.18150559,0
108,101.8093829,3.41461984,7.015623213,8.111157529,0
109,69.09540121,7.309451032,8.964267343,24.40237474,1
110,122.6326462,7.723910168,7.738624934,21.63876182,0
111,68.63150812,4.482445964,4.56762367,14.79572214,1
112,44.80696873,8.515779092,6.83041576,24.46245397,1
113,96.26589299,5.689091613,8.157096623,18.96672919,0
114,120.2798324,4.070226317,13.1983592,16.79178399,0
115,123.8166749,5.324406719,9.027747234,22.71699832,0
116,87.3035529,3.251754478,10.16484709,18.79676567,0
117,107.4618857,5.955740274,8.194268528,11.01561802,0
118,83.57304498,3.435135854,2.286453489,13.16641467,1
119,69.91386559,6.328055541,8.996984343,18.68113093,1
120,88.97695989,9.138353771,10.96057778,21.80935492,0
121,126.4989231,8.750002189,4.798967836,15.16367399,1
122,126.5170935,4.391451029,16.80374156,22.41439667,0
123,123.0598129,-0.151605687,13.00826691,18.52360557,0
124,66.98959597,4.583188991,16.37691524,23.18516451,1
125,79.28308317,4.272160706,7.370354767,25.06243625,1
126,84.44741811,2.544307321,6.95176252,23.58829883,0
127,96.86630259,2.390865644,13.25582382,21.32577972,0
128,82.48157935,6.216980687,17.8000559,22.13181225,0
129,70.56960703,3.754981359,7.582775576,18.38549209,1
130,98.30504782,3.817220946,10.24329557,23.11648984,0
131,140.7009648,5.706657628,7.227343362,9.186793731,0
132,92.42365602,5.080092766,10.99286627,18.27857923,1
133,121.9837821,5.086666979,10.44166204,17.14316691,0
134,78.8281582,7.902322191,7.902015679,13.49072543,1
135,96.48487446,5.095113847,14.42886356,19.34406793,1
136,54.79230242,5.312224524,1.871526152,26.27105471,1
137,113.0757514,4.998216676,7.797708015,31.33930572,0
138,57.21164309,5.143248957,0.480310601,17.00633579,1
139,103.5206644,6.021711885,9.905658344,23.71485429,1
140,128.4965917,3.036712483,4.327217448,20.9441686,0
141,84.53031508,2.27657781,10.80498284,14.21418872,0
142,89.51987235,6.584372039,5.74779633,23.85146506,0
143,66.26594438,7.051129367,9.339350855,19.83586578,1
144,126.5323882,4.431232699,2.770467413,21.5637909,0
145,113.4504453,3.701101803,2.346091374,20.32565112,0
146,105.8254717,3.970860939,3.440934457,18.05366723,0
147,101.9089715,7.527322424,8.57056797,26.91569386,0
148,108.4687422,7.551330848,-0.833389837,22.13530699,1
149,124.6656475,4.634545838,15.26068231,18.15047809,0
150,112.6269297,2.80681536,12.76508231,11.42249343,0
151,74.46771241,4.159900854,6.994709599,12.18862264,0
152,88.71489893,3.823177125,8.740215289,19.02681962,1
153,125.100944,5.054830405,5.857359798,15.88429924,1
154,84.21309598,3.992792186,0.872312935,26.35150096,1
155,99.97195359,8.585287612,16.51300404,19.72223007,0
156,72.70976152,4.65236458,8.623442875,25.6470682,0
157,105.6513001,4.530979307,10.75156297,15.40077703,0
158,124.9282132,1.785924217,13.10072925,18.65711354,0
159,72.77199622,6.681620614,4.790851619,12.73450153,1
160,78.57811216,5.801609036,-1.159543858,30.9565472,1
161,95.2646167,2.36131319,15.56690152,22.2587504,0
162,82.78080607,5.51795508,7.933451491,27.12207511,0
163,119.5192464,1.851914103,11.73783034,20.05429009,0
164,78.33798588,2.234053864,10.29391475,22.38557369,0
165,109.9543912,1.360770752,11.5579875,23.27229251,0
166,107.6824294,3.260957521,9.559117909,20.25851534,0
167,110.595797,7.083974671,9.56930857,25.32190171,1
168,117.1734539,7.065468175,11.94346625,24.11528012,0
169,76.20666934,5.221104337,5.28068485,20.2124551,1
170,45.58456827,3.312893403,6.660733228,19.32890046,1
171,103.1491855,3.9728613,16.84025521,9.013534163,0
172,76.76471299,4.015135966,8.059346025,13.69566622,1
173,85.15179522,6.467967274,7.390904211,24.24296333,0
174,93.77559096,4.621216658,8.481566931,19.15518347,0
175,118.6679395,4.622967528,10.2277364,18.73970227,0
176,57.4081726,8.84454491,14.66928376,24.11458613,0
177,81.86335284,8.817889225,7.885436054,15.27106285,1
178,120.9062448,4.318731646,9.258428793,29.18144205,1
179,84.53605914,6.445905339,12.80906977,20.26283865,0
180,94.20528298,5.434522077,-0.749006552,16.96230438,0
181,48.69902791,4.707622571,4.981530365,13.51162459,1
182,86.61281939,6.407283129,13.07374833,25.84640137,1
183,84.46687791,6.390252069,5.940191412,12.65464286,0
184,84.22977144,7.661153477,13.43508524,24.97533596,0
185,104.3027608,5.594840476,11.40847801,15.28828453,1
186,105.8086719,1.421755239,17.74512366,23.75866305,0
187,106.2576805,3.83207924,10.1818192,15.65089885,0
188,103.9504767,5.039670377,5.742774953,22.84080601,1
189,75.71970541,7.263135336,11.04712761,31.54879254,1
190,75.95330656,5.782081645,6.096098645,20.66622824,0
191,135.7450796,7.790324812,7.452157421,17.8732251,0
192,79.30475467,5.684270644,14.33241951,22.72765082,0
193,109.5788694,5.078458029,14.18829947,11.16607337,0
194,125.9984038,4.791069292,10.22136009,15.15920259,0
195,89.2967719,3.458695404,11.10415424,13.61319701,1
196,130.2051215,8.032511588,7.321318477,16.43813001,0
197,91.37023398,3.740289876,13.54577387,22.53881598,0
198,56.73733822,6.427373118,5.651176646,22.35513537,1
199,121.2949976,7.856638742,10.37191774,22.89292968,0
200,75.96107788,7.138910616,6.968124993,18.48453692,1
201,45.67099634,4.467217795,8.15231583,22.40190186,1
202,92.3707619,6.667152333,13.05578717,18.43844229,0
203,100.2953813,3.932179159,12.67125841,23.8393609,0
204,88.98685253,8.094089878,6.292123127,25.95670124,0
205,45.56931945,4.127591884,3.565449036,19.24471778,1
206,77.54473481,7.157443609,12.26172549,21.29023804,0
207,125.9891792,7.523187452,11.57450429,19.87311308,0
208,110.5591809,5.563694672,13.64163919,16.51159269,0
209,92.18266367,5.528798708,5.708771779,20.31254729,0
210,77.58902608,4.491328604,11.24172492,28.23522885,0
211,154.0229215,2.083768556,6.723906065,13.56412753,0
212,101.0147217,-1.446846536,6.121225322,25.60062999,0
213,135.0106811,6.534118402,14.85800921,22.10295571,0
214,81.84030813,5.940055334,13.619021,23.11700033,0
215,56.42941399,6.281900231,10.91809267,20.778016,1
216,76.02657157,5.247403446,12.7170778,24.06000142,0
217,90.47421431,4.820533416,14.91783479,16.67105328,0
218,96.903155,3.311361506,1.557364434,14.69881342,0
219,122.8449725,5.485193128,15.1325219,8.842857882,0
220,92.16264761,3.211103822,7.571048851,16.08332638,0
221,107.3598699,5.501171739,10.83674262,15.57397083,0
222,105.6748515,5.999081513,10.24461048,11.92146619,1
223,93.4086883,3.206294428,8.757270815,13.35857342,0
224,107.0148815,4.354062965,14.38744909,19.81107406,0
225,105.4463526,3.20338506,8.243601179,22.27559572,0
226,106.3810343,6.903389662,6.226077315,24.31063564,1
227,77.48693081,6.295764466,9.337186765,21.47183007,1
228,123.7069452,5.969671512,11.77620268,18.92649995,0
229,64.76682477,8.671158521,11.32491112,17.37142184,1
230,124.4086449,5.62033037,10.74220415,13.84584909,0
231,91.08304548,2.466242378,6.149860173,16.22969137,1
232,67.55891799,8.138049084,17.48349635,21.90924856,1
233,75.56439019,6.298256237,9.885431664,24.43131055,1
234,84.48996654,0.638783449,11.73479459,15.0084722,0
235,104.7018204,6.93410537,7.809688838,18.79157547,1
236,83.51653562,9.018259564,9.217753712,15.01184307,0
237,91.30870412,5.922207678,4.756174074,18.99887225,1
238,91.62576115,3.48318849,12.77009144,26.22882439,1
239,110.7236083,7.803854751,7.233182528,14.95400792,0
240,127.8093164,2.469214968,10.84258019,21.13298916,0
241,121.2460956,5.203434704,7.505876052,15.50591187,0
242,76.85712167,8.353751043,5.473090641,16.95767405,1
243,103.3335688,1.79760952,8.053287153,13.52336168,0
244,58.79895781,2.65142688,6.432697095,24.03550791,0
245,113.1780942,3.547978526,8.682396615,27.46719432,0
246,63.59088215,4.425820808,8.75701923,17.54330978,1
247,125.9218117,2.989535636,14.23731163,25.12597839,0
248,95.18370479,5.704201359,8.374858314,18.70585318,0
249,86.47298631,7.615206193,9.509791245,20.30258415,0
250,78.20143288,3.711467508,5.131394256,16.48729792,0
251,66.25945534,8.738078911,15.993229,22.85858416,1
252,100.6046542,5.450940963,1.353705512,25.11835905,1
253,76.36468791,2.738792897,7.341172323,27.09621016,0
254,88.96366412,6.679404379,6.707089058,23.44058526,1
255,90.67821297,5.764022586,12.26315087,23.5803529,0
256,147.9852017,4.890512634,0.740885664,15.76983146,0
257,104.7679345,4.148458203,13.95168303,17.39181807,0
258,66.9307222,5.659813412,7.797472806,10.84507349,1
259,84.05489999,1.588861476,9.622304338,23.45562734,0
260,125.729924,5.503500475,9.47076978,23.59291303,1
261,53.16615517,10.1510547,5.617900465,27.93043496,1
262,120.6898299,5.387686444,-0.038653207,18.64320109,0
263,86.33453863,5.609023915,7.122191729,24.76818853,1
264,98.88897484,4.765407455,7.404699788,22.10474776,0
265,85.8028836,4.562275509,8.008116159,20.2478731,0
266,92.16751041,9.572419542,6.610340913,20.06576436,1
267,119.6056189,3.885566663,16.50277339,22.12906823,0
268,114.9283266,4.913178776,7.671672991,19.53140907,0
269,139.1521225,6.543300597,1.699044164,21.17337711,0
270,62.78967942,1.951632179,9.754424561,16.91766106,0
271,88.45114012,7.029037016,11.37319146,18.70596129,0
272,94.61889156,4.763689428,13.12236864,15.92931269,0
273,63.3506242,5.606211473,17.32719995,20.80245746,0
274,75.51439223,3.922768223,5.790308119,19.45944142,0
275,95.15182738,5.749428139,10.07825292,21.04312808,0
276,88.24397487,3.963783246,6.518469213,16.86156538,0
277,31.4776441,3.652461215,8.004131057,15.56011313,1
278,94.33890664,4.002370121,5.461719999,20.92511908,1
279,141.8835381,4.68202415,16.58421405,20.59532981,0
280,107.7006295,1.812683699,2.595357252,30.93646324,0
281,111.7862295,3.192337868,9.933293825,18.33880571,1
282,68.94613593,5.965830175,9.730024157,20.58140325,0
283,80.39692198,5.875056013,5.674015516,21.39560762,1
284,103.2541515,2.393021288,17.90601838,22.93851748,0
285,135.7868438,3.324653503,5.791348201,14.41253807,0
286,99.27929776,6.883277245,6.334901838,22.36294336,0
287,129.3487387,4.668584631,16.13155561,23.69452605,1
288,161.7443858,7.333356182,4.424821375,18.81945399,0
289,57.85807617,3.734947914,8.607150978,20.8971414,1
290,85.45353407,7.536940945,13.32479342,17.72508116,1
291,94.26421358,7.376360479,3.6193389,11.10118716,1
292,128.4107922,7.185738057,12.39222038,18.09975021,0
293,100.7923737,0.126535926,5.479991268,13.72045866,0
294,69.58272047,9.129233327,3.842963263,27.61384336,0
295,45.90830014,7.05481313,4.248068143,22.19621381,1
296,124.0452468,1.895024167,11.82123094,13.32541992,0
297,84.6259925,4.146783991,9.007894189,23.10137442,0
298,82.95617018,6.542828199,11.67234171,14.45336676,0
299,107.8428584,3.427475342,11.79495056,12.80520028,0
300,92.78639651,3.839894719,13.91490168,22.85468171,0
301,71.74348131,5.363318645,13.99427876,17.41124159,1
302,108.1877233,5.396327741,10.11877524,17.22872663,0
303,86.74323633,8.068111903,16.13182768,25.55268835,0
304,54.46660147,9.804931212,6.129157005,25.69369816,1
305,114.8789663,6.683322854,9.647670873,19.61780379,0
306,125.2714339,2.756325552,4.837239618,19.47945826,0
307,98.88892464,8.632983597,4.482545741,34.39363079,1
308,118.6170897,6.791189657,7.541712452,13.41435465,0
309,89.56941877,4.533823562,6.447336284,24.42567108,0
310,90.38007339,6.215410755,8.304822645,20.19567573,0
311,112.3517822,5.063180016,13.10657319,22.36672794,0
312,116.9887882,1.043862266,5.557449933,20.72434851,0
313,118.9114009,5.377280551,11.88686678,13.70710721,0
314,98.66287461,2.819194389,9.040593888,13.47594847,1
315,89.33483063,7.194422445,9.181104072,23.8640892,0
316,85.62521736,8.406562071,12.11666456,16.59634479,1
317,89.24809526,9.669167537,3.385900808,28.69478538,0
318,102.0867726,9.268702539,7.271440486,26.52161389,0
319,36.29759125,4.366332837,15.42550227,16.5455287,1
320,131.9622329,4.221143376,0.971824503,15.08371169,0
321,120.4919182,4.558307222,1.746330188,17.46204813,1
322,64.00887864,7.04309909,9.95950017,24.53831638,0
323,102.1479873,7.725095308,0.904978276,10.72795957,1
324,119.6323636,5.644975833,15.07711842,20.79695129,0
325,110.3785288,5.530777114,6.452242634,12.19534047,0
326,95.65371074,6.78683503,-1.894964366,24.0112862,1
327,118.6729758,4.595767963,9.312270689,16.44468342,0
328,65.92936298,7.065250619,12.54825541,18.08049048,0
329,122.1670083,6.625872826,7.779293141,21.68026022,0
330,105.719797,2.481684425,11.38254553,20.90128873,0
331,88.06031601,1.244413992,7.577119135,9.495551508,0
332,126.5769702,3.813033593,3.997464301,25.93988218,1
333,127.8483121,4.755376057,7.775609582,28.37664597,0
334,87.35303759,5.181323755,11.4798158,18.57926938,0
335,88.89510819,3.327692092,9.149370648,24.87368268,0
336,49.05007533,9.191881983,10.00942015,21.78111591,1
337,87.81597505,4.440660921,7.040696178,26.49932583,0
338,75.87624288,2.43388034,11.09589768,15.87897085,0
339,114.257278,3.756963529,10.21376154,18.73523765,0
340,103.2243425,5.100051027,5.15142152,21.74139499,0
341,91.73895826,6.919754203,7.285059639,25.67246387,0
342,26.50744879,5.267622614,13.98750738,20.83991959,1
343,103.5532534,6.411185709,14.52822345,17.71020996,0
344,121.9046378,6.120601414,6.975887282,23.79252692,0
345,88.2718768,7.640507534,5.729887907,19.70946826,0
346,74.2013281,9.094041527,10.78926657,35.84981824,1
347,74.15082722,4.582075666,11.91284416,25.65899092,0
348,88.22175411,6.816502859,6.245589184,19.58561691,0
349,94.22155186,7.941798732,15.32680586,18.33268975,1
350,92.45493403,9.527872603,14.0472428,15.13620399,0
351,115.9236614,4.306822795,5.998271767,17.1701025,0
352,79.89785071,4.631201879,13.60537462,25.83662095,0
353,80.09484338,9.94729959,12.60756539,20.96767445,0
354,81.59373027,5.693413202,12.45093895,18.88763941,1
355,79.53260728,6.88567789,10.600072,18.84617788,0
356,66.02436254,4.034234978,-0.091356362,21.2438117,1
357,110.1133288,8.209118477,15.02849546,16.40405263,1
358,75.64559198,9.950501542,7.322698425,19.8959933,1
359,96.19402099,5.50492469,9.673757387,23.05401809,1
360,92.99044347,1.385629719,3.090006973,22.54449239,0
361,96.66328503,3.349519637,14.03616239,17.92430426,1
362,129.9864569,1.835782858,11.17450719,17.11963913,0
363,60.11976574,6.20323005,6.770739269,23.02213175,0
364,116.0025217,7.777259012,10.23800575,25.2977154,1
365,77.65409468,6.10028317,7.250994685,16.93753584,1
366,120.1292183,2.666664523,6.218973275,9.292531685,0
367,113.8069098,5.24315064,11.9761301,17.57367795,0
368,106.225316,2.774737249,8.760759207,26.18992519,1
369,58.27526024,5.287029992,17.57635754,16.94354084,1
370,74.88670816,5.79805834,13.72235307,17.93447358,1
371,119.5832055,8.295490947,7.358809645,28.78514625,0
372,113.1381704,5.209452659,9.725973389,18.45272793,0
373,88.32388744,6.602047335,12.93109103,22.28359833,0
374,121.5955284,4.971102276,11.22067824,18.28643836,0
375,83.14893003,5.475882954,3.548257614,20.38782411,1
376,89.58859985,9.692553175,5.588759649,20.23465114,1
377,98.92847364,10.27684539,8.439824546,14.72996308,0
378,86.57203047,3.939338245,3.499433368,19.14978866,1
379,117.8600298,8.069404884,10.53141339,18.27091078,0
380,110.1613253,3.232433511,14.85260753,18.50000959,0
381,98.13002418,-0.173194944,11.11007951,17.55270644,0
382,95.52065193,6.108344903,8.472961871,14.73216077,0
383,90.90128321,5.544432577,6.17842745,24.9609952,0
384,111.3444172,8.378311836,6.02493782,18.96536131,1
385,132.1565246,7.203271092,8.514891088,21.26998648,1
386,134.9429297,6.382470812,5.767659532,17.74240315,0
387,72.97483472,7.694569435,8.996569309,22.5502354,1
388,112.5960113,3.38927479,4.852978631,27.04347969,1
389,119.1894631,7.472688662,7.763708366,18.85860559,1
390,93.78148224,10.1785864,11.77019736,17.27186002,0
391,77.5432068,2.639920846,11.8172241,5.183771679,0
392,120.5073233,4.306447004,4.806721879,21.54323155,0
393,120.5206892,4.878096875,11.98841074,21.77678701,0
394,79.09510378,6.382054601,7.117060442,24.44681104,0
395,120.2646903,3.916588629,10.69283413,19.96105664,0
396,100.654849,6.347010369,12.05973389,15.96556955,0
397,90.87901123,6.116434035,12.58387452,18.2829118,1
398,90.20455962,3.197227962,18.66290328,21.54625448,0
399,150.1076043,3.359610561,17.09059802,20.4743291,0
400,57.46498582,2.628356706,8.634120792,21.25143816,0
401,124.1618891,4.383623945,9.695198301,20.99780899,0
402,110.4934334,3.773032972,12.27706484,15.68603376,0
403,103.1169969,10.42397122,10.86752618,21.16729001,0
404,81.74821375,7.102685209,14.68805423,22.18303185,1
405,103.7869938,5.181715288,4.636452951,17.369266,0
406,51.35136246,6.703480662,11.23406479,18.11018231,0
407,70.02166027,5.511107313,6.993335042,10.60628752,1
408,105.6225181,3.045282694,12.92010138,29.13492369,0
409,88.60887684,7.581267832,8.639758409,16.79748543,1
410,71.79543002,5.468105078,0.77831504,19.20811192,0
411,63.67154696,0.802316577,9.685851827,18.40146099,1
412,84.62802435,1.912162088,8.093899759,16.1661747,0
413,101.8150635,6.324178873,15.83808382,16.95772114,0
414,100.015604,6.485218584,6.531722982,27.1512339,0
415,109.4461539,4.237598448,10.66189448,24.4084736,0
416,95.30837409,6.134229778,13.80210882,11.39130401,0
417,80.16017878,6.850744487,11.89330124,14.62643574,0
418,77.47755073,7.030993892,12.42602534,22.41941651,1
419,89.3426001,4.848987823,17.17658523,25.66780402,0
420,97.23897042,3.882297773,10.0675137,23.50040396,1
421,90.20397338,2.867418307,10.31793906,25.70135728,0
422,65.32987697,4.560449589,10.92980082,19.52414536,0
423,104.2973477,5.326862414,8.127114939,20.40569047,0
424,94.81123377,7.616596958,11.50962883,18.14081731,1
425,96.09162905,3.665823009,10.35152587,22.54521334,0
426,53.36677705,8.010063362,2.736727091,13.20029143,1
427,98.9981191,7.25929899,-0.652171818,24.27342594,1
428,77.56586296,7.778081298,11.34788423,21.50042028,0
429,52.91316157,7.088456265,11.38708453,28.68757213,1
430,88.56840339,6.482396811,7.701046092,18.25452453,0
431,71.52720286,2.937353591,10.15979908,17.12720013,1
432,73.73701972,7.591518219,11.56866215,19.74478189,0
433,82.36386037,4.744607177,4.194298806,21.32331747,0
434,63.04531292,7.297781278,5.399925702,24.16103046,1
435,130.5937408,2.468369661,11.24528955,16.47318697,0
436,78.42290355,3.098151078,5.364671479,21.42824672,1
437,106.6566407,4.346001228,13.78291576,23.24330776,1
438,118.3193439,2.940253818,12.67703119,24.68333763,0
439,68.87818661,3.150655632,7.448283338,20.46815288,0
440,117.2859158,6.096630705,7.655808189,23.82203846,0
441,86.69421926,4.833166021,12.7790576,22.01132706,0
442,117.4038814,4.0312859,6.098620012,23.89383532,0
443,89.65374524,5.612654846,6.90809659,20.28708217,1
444,121.2217963,8.253378924,8.036746772,20.17617009,0
445,97.40298587,2.981771074,5.339180681,19.95889177,0
446,118.1217909,6.398620235,10.48875688,15.81531395,0
447,65.46789312,5.868000426,7.928444767,11.755924,1
448,106.4508346,4.978119091,14.15557815,15.31351299,0
449,105.5607918,3.247521121,9.135716754,15.4633415,0
450,107.363037,6.520403077,10.00279566,18.92474759,0
451,122.2672333,3.130038022,8.483111993,12.61726547,1
452,110.873035,2.278205437,9.772053465,21.55150654,0
453,78.50702055,4.37717052,7.078955607,9.938795431,1
454,114.9228675,7.592400895,16.65344533,18.51653862,0
455,45.0550448,5.154868473,3.786015503,18.73932175,1
456,92.15781866,2.918339672,13.14367393,19.86700838,0
457,84.21619508,4.233643255,12.37217057,20.9280069,0
458,59.56008344,7.49268715,3.554191013,24.61202688,1
459,137.4229335,4.262404792,10.31501766,19.79557649,0
460,106.7241638,3.608956538,2.481410955,25.31990274,0
461,116.470865,3.866326335,13.43617825,20.84737158,0
462,94.34270039,1.022721646,6.434560098,10.08342871,0
463,73.30250204,6.752712728,6.535641757,27.80880492,1
464,52.47076985,6.317545699,15.58103319,20.44234955,1
465,115.4184316,1.043492321,7.980425692,16.92536919,0
466,68.44393344,6.677334492,7.071713571,16.33867724,1
467,71.25277816,7.387725894,13.08833624,20.06859198,1
468,59.60341452,6.482966576,3.298587806,21.9131638,0
469,134.7380812,3.466122828,12.15022487,14.06631777,0
470,102.9760497,6.805680681,1.289102368,23.49484756,1
471,68.42211505,6.36699428,9.562506515,18.81613037,1
472,110.8886681,6.795936235,7.932337228,18.46960055,0
473,94.63121278,6.815871885,7.923546233,14.24496348,1
474,75.89540127,5.108970962,8.935184921,27.58444085,1
475,139.592182,4.992974044,8.008913459,21.22438016,0
476,127.3942077,9.976224821,12.81607958,15.94443848,0
477,86.75758323,6.490015738,7.270279486,17.52173994,1
478,110.1737147,5.328068905,12.97332434,3.456295797,0
479,95.17989136,5.702359383,10.4658806,15.54818032,1
480,83.20584391,3.600688072,16.39235728,17.54118871,1
481,93.5462777,9.076574373,9.051246783,9.795024036,0
482,101.4916727,7.400596563,3.83658157,15.89148654,0
483,66.76884705,3.355919422,10.10830158,10.68195371,1
484,66.71864339,5.393203709,7.71985186,19.41162344,1
485,57.62160954,6.998396206,10.48084773,19.49719943,0
486,125.7566662,5.232153744,17.72585473,32.07463661,0
487,71.40538516,7.325696469,7.807869026,17.25953266,1
488,115.1222179,7.529093053,10.87902666,23.23847577,0
489,86.47180296,3.757629401,8.387058914,21.89304898,0
490,100.4765874,6.232581502,4.483863952,26.52298254,0
491,112.5912798,6.677138138,11.71191696,18.99820092,0
492,108.5836621,6.159948096,10.34172327,11.1411712,0
493,103.5135965,5.764684495,13.58409761,31.72786107,0
494,107.2507311,6.24265639,11.38151546,20.11817162,0
495,92.36418958,3.616586905,8.511584585,18.35095423,0
496,95.51183945,3.88227796,12.90245324,18.6638802,1
497,95.59629721,7.32991552,3.937126475,26.06304822,1
498,103.3748433,2.810010532,12.11321521,16.90983476,0
499,132.5716387,3.581412686,8.6038333,24.64146617,0
500,34.69247133,2.966451516,8.937216894,8.569848964,1
501,101.2746881,5.711794118,6.637823757,13.73998333,0
502,104.9729598,5.027794953,11.15476381,11.12609812,0
503,115.3300952,5.270972554,5.702642125,15.47158252,0
504,92.72975377,6.602618847,9.001421067,17.54226297,1
505,136.1522342,3.440907793,15.25060153,24.45135523,0
506,89.96965279,7.316580125,1.478500181,21.86558794,0
507,81.92248214,11.32337234,14.6370087,16.42802938,0
508,121.8416332,10.47660745,13.12434178,21.21188862,0
509,101.3360995,4.881702878,7.071639238,19.53485281,0
510,84.14209807,5.828586807,10.22445254,19.36452725,0
511,93.01891009,6.303874823,5.631175475,20.21626622,0
512,81.81487438,4.078250492,11.23978207,20.86989559,1
513,102.1674187,5.254598665,11.69154097,23.70669611,0
514,73.11923357,9.284793819,2.673763232,17.89719565,0
515,59.6775544,7.768947323,9.69450559,21.57663029,1
516,120.5430133,7.477210108,9.737096646,26.62114415,0
517,56.98858481,10.6104096,9.501270154,22.614004,1
518,96.53419853,2.68092247,8.114788516,20.16090205,0
519,58.22866211,5.047651435,2.741622542,21.1275235,0
520,86.58820746,3.517999295,14.36999578,18.23096115,1
521,90.07644241,6.888838736,8.953938896,24.99561117,1
522,73.15170596,6.417808757,1.465994923,21.06987976,1
523,120.8475365,2.779143933,18.21334212,30.94760186,0
524,82.24981992,2.661456706,8.067197092,15.55067726,0
525,127.3345315,6.191533364,2.737304036,22.7984715,0
526,92.8429749,7.606698574,9.747445407,21.34486777,0
527,103.6721081,5.26265103,14.52906138,19.74018365,0
528,81.92658671,8.727415716,8.502595024,27.41264215,1
529,91.03517109,4.134795904,13.49242759,17.29962233,0
530,76.54997532,3.958764662,6.592510733,25.54421706,1
531,115.7921225,5.486687226,10.23064724,25.26692977,0
532,128.3256319,4.622550415,15.67264882,17.60532436,0
533,104.9812357,4.006074704,11.07047829,25.76084733,0
534,107.4017927,5.459512464,3.407724352,17.04210228,0
535,79.61211972,6.151737334,14.26075333,30.52339509,0
536,100.3056527,7.465138413,11.52269373,16.36640442,0
537,121.817667,4.57601911,8.423789431,14.89755649,0
538,89.82619385,7.278422954,11.66875164,11.25047872,0
539,74.03535739,5.207843312,12.35539064,28.91766729,1
540,102.839535,4.780298047,6.536035626,14.63176169,0
541,88.57758629,5.722431176,11.0376815,21.85643382,1
542,102.5091485,0.968515424,9.092247171,18.63418035,0
543,48.95802407,6.187735664,9.767304848,19.94664867,1
544,80.56012548,6.464102515,14.09425416,14.96196572,1
545,85.19018964,3.198103532,18.27038616,17.4438075,0
546,84.71219688,8.239328627,7.29424062,25.60411251,1
547,104.6230743,4.693049071,14.83923835,19.03966805,0
548,127.9061508,8.34279152,6.597922843,17.37548894,1
549,64.81873287,9.435886457,5.33247613,17.05557577,1
550,85.55020123,2.807456676,11.60994121,18.11936452,1
551,104.3996856,3.883898061,10.4724959,19.01875619,0
552,95.8460226,5.501550792,7.990187461,15.01974504,1
553,92.28904587,4.921282017,12.43761399,22.3797049,0
554,90.99356073,8.060451608,4.008439567,13.8742397,1
555,119.9188273,6.654698231,13.85324473,33.34408568,0
556,88.36826484,9.002518356,8.857731078,19.46215218,0
557,119.295016,7.420138508,2.354168398,15.2282155,0
558,109.1063816,3.651943415,8.757714073,24.70484613,0
559,91.63943978,4.312138932,10.19422112,28.61072523,0
560,133.5623389,5.402357263,14.30559291,21.75955881,0
561,100.9211986,7.466223362,4.90897715,16.68088453,1
562,86.78758497,7.970156354,11.57038683,22.58635278,1
563,64.42865447,5.934695375,3.669197923,12.72355659,1
564,123.7462734,10.95978213,9.884200194,18.89805516,0
565,80.91907069,4.902575678,15.94830374,25.21667428,0
566,93.43354537,7.537548961,8.227294193,23.49292945,1
567,123.6081849,6.371559284,14.66725925,16.55835595,1
568,108.6902239,4.572598181,14.32286303,25.7747111,1
569,129.3514461,2.983096071,10.15449532,24.64243148,0
570,123.336671,7.96608244,11.76574471,23.15412168,0
571,116.0318987,4.743747916,9.600907138,18.94780519,0
572,93.7125827,6.901764364,13.47832746,26.15411513,0
573,143.79269,5.658022277,8.334266369,15.84923374,0
574,78.54427424,3.315575556,6.142576593,20.9277398,1
575,56.84971111,3.467449855,11.00540528,20.21823063,1
576,133.0267936,4.650335038,7.352489368,23.24450239,0
577,124.2492495,3.53057522,5.496262487,21.46923471,0
578,68.35984019,6.092089587,9.371554309,25.37463662,1
579,114.8260106,2.013284508,11.53598356,18.41672652,0
580,77.05055342,5.422815831,5.695013246,21.13839193,0
581,66.44059891,3.108721161,6.976990047,18.89913433,0
582,57.0496856,4.88795482,8.806326402,19.42530053,1
583,107.3294835,5.2500377,7.999659998,20.07727034,0
584,85.69680813,9.856502315,7.256537372,22.32433055,1
585,132.9098605,4.231843808,6.018159961,15.34308491,0
586,127.2837475,5.433547,15.70515352,14.01059938,0
587,77.78027127,6.321456446,8.577403508,13.24566564,0
588,84.50284139,4.550423689,5.04385569,23.17748073,0
589,98.53211547,1.927429659,-3.480178748,14.33175868,0
590,90.08922175,3.0722302,9.557314809,23.27973216,0
591,102.9290008,4.41115349,6.221138471,20.96644136,0
592,69.83361738,6.443439792,8.547764342,13.40748869,1
593,129.3567122,2.529918016,11.94238603,11.02546721,0
594,104.4223893,8.723700873,6.81009601,18.27420711,0
595,95.04661004,6.359580293,4.194564627,21.19086663,1
596,86.67933581,7.581764558,6.14731567,10.55528922,0
597,78.67700231,5.680529132,12.55371582,16.06685493,0
598,101.5820899,1.233140898,9.138645695,25.99745508,0
599,123.0265801,5.149604899,5.943366258,17.46613976,1
600,77.3869014,4.899118063,0.030752471,18.99273868,0
601,98.32227817,4.991323577,6.213807085,19.60424343,1
602,112.1464952,5.260872223,4.01910419,19.33960645,0
603,64.66306469,7.169897602,1.506809499,23.40864347,1
604,96.41292,6.997460439,2.767337546,15.02857986,1
605,62.90669599,5.641790388,8.955685654,24.81439379,0
606,118.6214317,5.806246975,9.704890002,21.12017109,0
607,120.6197085,1.727330848,4.537846863,15.87011201,0
608,112.01312,-0.06277727,16.33558521,15.72995597,0
609,91.93754004,3.321904941,9.496199899,25.00545121,0
610,81.15087984,7.400180277,12.82149044,19.52474649,1
611,47.1353632,6.333338127,11.17392691,34.46607544,1
612,83.28098303,5.425442337,4.065533857,15.25808321,0
613,107.5671266,3.554448372,3.853056626,21.99022919,0
614,80.66679386,6.746072898,15.83870952,13.02290909,0
615,100.9180067,1.06902195,6.088606083,16.08663402,0
616,97.67745044,1.996741193,17.71036067,19.67949763,0
617,121.5482695,3.897989558,9.530994818,12.91061832,0
618,80.21713918,4.258690024,11.38946992,17.09387087,0
619,120.4390994,4.790750108,10.24981381,14.04789307,0
620,79.91078452,5.061151285,7.576353918,22.24150952,1
621,73.79164577,6.577320063,11.75835412,13.0738147,0
622,95.6772801,3.881820645,5.141043376,22.29881114,0
623,130.7323741,3.711087602,13.11898458,26.80390615,0
624,96.20318401,0.892952169,9.765401611,15.39999056,0
625,56.31666493,2.347355592,12.95244853,19.8476566,0
626,92.22867211,6.710709242,7.96429383,16.5477201,1
627,104.7146162,7.763119827,11.83878539,16.64950265,0
628,111.8695725,4.603003686,10.81125939,27.85832988,0
629,87.65663177,4.633952091,8.495222827,31.55430278,0
630,141.8572773,6.819783815,5.226101945,16.56134407,0
631,57.933888,5.994262038,8.479595734,12.36020771,1
632,120.9153324,5.457534837,8.931241424,24.04321223,0
633,116.291013,8.294436533,10.3759443,30.01483255,0
634,96.28528997,7.056084707,11.80325289,21.71614791,0
635,86.76454048,4.357820734,12.81989813,26.2686202,0
636,111.7366155,4.110025789,9.030415116,21.90015705,0
637,96.12355755,8.843128577,8.90488275,21.09123717,0
638,92.04764143,4.864082782,10.73998294,16.19410368,0
639,83.82342306,6.622951244,5.726943058,17.70390925,0
640,82.89614926,4.951734063,11.61381757,20.11470944,1
641,109.5265018,5.402992593,6.883243724,17.22206113,1
642,134.2626747,5.699065051,16.86902774,16.80343772,0
643,90.56242061,4.105098372,8.478692074,21.20597944,0
644,75.2229031,6.080168571,7.579123058,22.59281838,0
645,105.9572733,1.462214775,10.93570411,25.24070698,0
646,117.3872326,6.560877062,4.428721415,19.46918451,0
647,84.53299662,-0.272496168,1.199803923,23.21180118,0
648,89.24944307,5.031292291,13.11203975,19.77791182,0
649,103.0621142,6.652106708,4.746020431,32.96470385,0
650,86.91428685,3.507070077,2.141933117,14.36191226,1
651,90.04560298,5.130356423,5.978529297,7.13956811,1
652,97.00642108,7.826183577,17.09935421,20.3882339,0
653,112.7575627,4.31998345,15.9031894,18.0287174,0
654,79.01489124,3.547712032,9.328832836,22.45750386,0
655,82.46581259,6.658715958,14.25897092,14.38667435,1
656,84.05151589,4.4613045,11.58765732,13.19181276,0
657,96.85196592,3.306351348,3.570011605,19.97202522,0
658,87.63748137,9.983175803,15.57594349,14.78459491,0
659,101.2140997,0.531939938,10.45386331,30.94052786,0
660,117.8645807,4.976903922,14.22085567,12.94740482,0
661,103.0449899,6.803611396,9.757011173,21.77221761,0
662,98.65752931,7.243007658,14.80050893,21.17677176,0
663,111.9424623,5.924911469,12.97453482,27.44051574,0
664,113.3487309,4.603825758,11.6073791,16.60274255,0
665,75.90989317,4.179707965,11.1769425,21.23768245,0
666,109.7639593,2.84518112,9.794314508,25.33393127,0
667,81.97057164,5.4142319,12.82933897,14.99135745,1
668,129.2117754,2.977708588,12.68578966,22.90334793,0
669,82.9193262,5.768777312,4.33492722,16.3520156,1
670,70.19668655,7.913708928,11.15556907,22.2790276,0
671,112.8340742,4.418866495,9.991130466,15.08586909,0
672,76.48556359,1.671233623,11.06395359,17.24092212,1
673,101.6084594,7.610893233,7.745180188,15.61242565,1
674,73.3703569,5.134510136,8.054939979,9.77234453,1
675,86.66394312,5.628762231,7.805521221,19.40232922,0
676,127.4553763,3.750883171,10.69783187,11.67570111,0
677,67.70633728,5.269913137,4.265340919,21.70705402,0
678,97.77909289,7.857394818,13.97533161,22.03671634,0
679,101.5045856,7.540420507,16.07684491,10.97857509,0
680,93.8744148,1.254147242,16.19278,25.19312258,0
681,79.43973134,9.478786351,10.85611955,14.25885698,1
682,60.23861647,8.14819295,0.698695629,14.39448461,0
683,86.69841316,5.015125964,15.64106273,15.72127472,1
684,72.71521977,3.570965804,11.01177547,27.3886332,0
685,85.86419078,3.254136903,2.636302372,12.55238049,0
686,147.641491,4.095134149,7.831985422,26.32548732,0
687,69.69881368,6.288279535,2.96899954,20.1686576,0
688,78.2152854,5.03705669,9.448035821,11.29929065,0
689,136.3945596,5.034271072,3.946607159,18.91749461,0
690,150.3807127,6.253813348,10.34812422,17.62315468,0
691,73.78642321,4.507091637,11.10120456,19.70545295,1
692,127.0225955,3.978122321,12.62249999,15.23188452,0
693,115.1748768,4.781453636,8.046833858,17.94873731,0
694,71.2839695,7.211248914,13.91677778,21.36756001,1
695,91.56005544,4.922408191,6.856041151,26.06142406,0
696,108.0090471,7.475747819,1.320330076,23.93952116,1
697,103.9685681,7.314296085,14.93151549,18.62597754,1
698,79.26438377,6.856571628,7.007226851,19.65754504,1
699,156.3327892,5.93044773,12.204466,22.00410894,0
700,82.94880714,2.927683283,9.368858464,12.5608689,0
701,69.48958194,3.713293737,19.8120005,26.67523054,0
702,48.15849747,5.300937584,10.08358873,22.97309519,1
703,109.8441806,8.096920349,7.418286972,19.16945453,0
704,106.1045414,4.480708021,9.273793685,21.34228074,0
705,98.41900829,4.588428673,0.726567961,27.59653064,1
706,98.04717871,2.920717657,9.199428257,22.83286375,1
707,88.5599772,4.71767712,8.858635614,14.77185723,0
708,98.89445055,5.54452264,10.79043666,9.530480188,0
709,76.65687424,4.745387751,7.562316743,22.22821122,0
710,54.89347596,7.979388499,11.48085172,26.95498504,1
711,102.9965476,10.8417833,14.02211766,19.7904743,1
712,75.26287133,6.435096328,10.32128881,21.49887681,1
713,50.7752149,5.746437492,10.62359882,19.17912537,0
714,42.92259344,3.541074359,15.71056995,17.81698955,0
715,126.4100679,3.927599971,8.170011278,7.016867833,0
716,102.4749729,3.937625508,5.696062632,18.53059019,1
717,72.34356205,1.86943954,7.347037829,30.617839,0
718,106.0270507,3.235948945,8.504525628,25.22536925,0
719,116.6580923,5.767643538,13.612659,15.06745473,0
720,59.12043761,5.308356501,3.723100151,19.64440098,1
721,96.61369639,5.298096609,11.6147018,19.74367866,0
722,75.79601591,4.019921176,9.731602979,17.74951071,0
723,80.07823953,1.890504727,9.230451601,10.60852903,0
724,87.3198856,6.453140385,6.327662577,20.33068287,0
725,97.07658145,3.989155668,11.71013942,14.02232008,0
726,114.5241109,9.367644635,7.474564135,18.39553536,0
727,106.6649533,2.900100439,11.97432619,16.60915305,0
728,97.218996,3.405384191,11.82473426,26.53875558,0
729,67.97561818,7.077090257,12.55289306,14.06034554,1
730,120.3615395,4.931833485,7.348441535,17.8389664,0
731,98.09244554,5.65216668,13.67034911,23.10777502,0
732,109.8876766,5.121710291,11.15344825,14.91849754,0
733,116.234436,6.392645907,9.144299395,11.38472913,0
734,79.76774145,3.081098348,11.8507922,11.10371814,0
735,75.11768086,5.056281366,0.926855096,20.30987997,1
736,124.2087121,6.367111921,7.46890597,20.84594045,1
737,58.73887158,7.489592536,9.008002389,18.01340407,1
738,105.1232817,4.373744805,5.95497989,19.07974205,0
739,104.2485748,5.203068508,11.35000698,20.52656691,0
740,64.11605459,5.30516386,9.522701321,16.83924722,0
741,89.18785718,8.777969153,9.599504098,27.79516713,1
742,65.25865818,7.264358645,0.682830063,19.14744394,1
743,65.123697,3.341460196,4.837922091,18.76014899,0
744,102.1845098,6.587848853,5.416722677,31.52031109,1
745,99.10173139,5.120891709,12.53383085,24.80235241,0
746,87.65611226,7.42518083,12.5487052,18.15489995,1
747,92.69093061,7.464271182,12.1044252,26.77828381,0
748,81.12038669,9.037961053,7.820112361,19.84607696,1
749,78.82807367,3.369784923,7.604685872,20.77208851,1
750,125.5445189,5.7682404,12.75993954,23.94371026,0
751,40.57829444,7.849647982,6.287272801,22.27655969,1
752,70.0411406,3.508095681,9.366774527,23.98526246,0
753,106.8820041,5.039879298,11.26328393,13.17392902,1
754,59.24688567,4.043389236,1.704819064,10.29477393,1
755,86.28807389,5.650277594,13.8254027,18.65784942,0
756,102.9821291,4.282459829,2.145892838,21.74510725,1
757,91.42332586,3.906190255,5.126810958,32.78146373,0
758,118.907147,5.580464425,11.11883275,27.53737999,0
759,61.27311108,3.93113902,9.628508035,24.12214733,0
760,100.4344245,3.097865549,9.580638052,31.6901481,1
761,69.55685905,3.981269767,10.57270277,26.19534214,0
762,62.48348975,9.400366148,3.55536612,31.74169387,1
763,78.56412629,6.635392257,1.442103625,17.62650862,0
764,88.87512468,5.725889319,11.1641372,18.05783649,0
765,89.62671569,3.63273181,6.225249833,12.66545425,0
766,97.83760573,6.274217377,12.90353825,10.88663637,0
767,72.90807571,8.054167896,15.73426622,22.43353328,0
768,94.54376607,3.155244587,11.10559447,18.48580153,0
769,98.56781297,4.730998771,6.179636342,23.88166053,1
770,72.31334574,2.97831786,3.31074807,20.8948289,1
771,72.11357621,2.930522304,17.1867273,15.43200738,0
772,104.528785,8.656935128,8.852304394,24.14772638,1
773,96.8344494,2.97584497,10.32301511,22.46242184,1
774,125.0998057,2.684200147,16.11102287,12.19324332,0
775,113.1250717,2.689398649,12.98093864,26.4722687,0
776,130.2024897,4.099809314,5.988736374,18.28090352,0
777,80.17376931,5.659894964,8.942897457,20.3818009,1
778,96.7456726,3.085949359,8.188095043,16.42958388,0
779,93.00827722,3.148677389,10.14894515,24.40368609,0
780,89.12494879,9.240790399,10.46700972,14.94741517,1
781,105.0877506,4.172699424,6.266052921,20.36753842,0
782,60.02635529,4.522942057,12.11721678,22.6928793,1
783,97.10961161,6.366165056,6.844363561,13.57883476,0
784,84.45838732,4.183001772,10.78034586,17.61431033,0
785,105.2238647,2.853397297,9.604171343,22.56545156,0
786,83.08251233,6.066651828,5.39026847,18.5614057,1
787,96.62122135,5.948215652,9.989867861,25.42690107,1
788,94.53292649,6.792371045,5.471095115,26.28026119,0
789,75.51546086,4.393718885,16.28475737,14.85088317,0
790,73.08698496,3.231809943,7.419164738,30.34362121,1
791,111.8439308,5.206067166,7.05454622,30.54842215,0
792,104.9365335,9.322195462,10.33666765,20.23008369,0
793,64.52888438,8.005948674,7.553381737,19.35768101,1
794,126.4550334,3.655441764,-0.721823467,30.19701601,0
795,69.590301,6.152814686,4.312384007,16.37134443,1
796,97.1062793,5.9255123,9.517643262,17.90677207,0
797,85.52997529,3.231699061,9.406873089,14.37500505,0
798,93.28069684,3.333907521,4.993904843,22.37699579,0
799,113.6344167,4.734540624,6.307572523,18.15848948,1
800,115.5578843,4.165267185,6.729227517,23.1163244,0
801,84.38733948,2.419713016,10.05239332,18.95574426,0
802,78.19309934,4.651964323,13.88923798,18.07749336,0
803,76.63640508,8.845193432,7.483399752,19.11125841,1
804,66.66765016,7.351592003,8.690574308,22.07741632,1
805,86.53026161,3.337514277,4.101666676,16.52101153,0
806,94.70876029,5.365334574,10.39948281,19.09184625,0
807,70.61910801,3.406862788,6.856259484,22.89997441,1
808,59.35052371,5.972847748,10.30845465,18.37047208,1
809,100.4899266,5.426808719,6.644749998,33.20875933,0
810,109.4979375,10.22362238,9.065158603,18.49627902,0
811,74.76701441,6.752084951,9.57096506,21.80181886,0
812,82.70827728,7.534680918,8.185528652,20.10247488,1
813,108.6886727,2.376755185,9.891925816,21.63123375,0
814,86.0994333,2.009132901,-1.067203674,23.09113583,1
815,83.09923603,5.303109677,15.75957774,15.2571577,1
816,96.73433269,5.572790378,1.45719681,24.59770748,0
817,52.9453793,4.986253951,10.14402767,17.22414681,0
818,97.41534692,4.590879899,5.067511916,20.93730306,0
819,75.67871664,4.461518357,3.84763273,28.35568273,0
820,125.912785,6.00316457,6.037342803,28.59384356,0
821,103.6886677,1.578491164,4.594475769,22.58883004,0
822,53.93992989,3.815273148,15.48192904,12.63328902,1
823,82.9631932,1.759738522,4.74114737,23.24468823,0
824,93.99608789,4.659663299,15.26460652,14.69294187,0
825,114.4009165,7.478243695,1.978058777,22.62742181,0
826,136.6994161,3.922708108,15.33856841,20.56198069,0
827,111.0822723,7.194176784,11.12319506,17.82933789,1
828,108.3951077,3.396711255,7.220203729,14.27544378,0
829,118.149032,5.899197322,9.575673708,11.19904676,0
830,108.2990949,6.377404979,15.03672302,19.02233028,0
831,100.5866664,4.79862713,18.15746752,16.22003045,0
832,60.72092033,6.315002744,10.7016583,21.03446119,1
833,82.68069187,-0.237307059,11.78762849,22.24929315,0
834,109.5254189,3.395608757,7.935991972,12.75152933,0
835,80.11076594,8.436886694,7.227771407,14.06812807,1
836,104.4081941,6.38285184,11.37479981,20.32470088,0
837,106.7506555,1.402440283,12.28693971,21.71408453,0
838,48.69185664,3.41591896,9.498581705,16.20077237,0
839,62.72237588,3.106063463,6.556016769,22.38948157,0
840,126.3012858,0.210844915,15.29533701,20.06366538,0
841,123.0569542,8.108090081,6.437961156,21.5194943,1
842,85.1040663,5.00131929,7.229431252,20.33979933,1
843,104.2158659,5.750093568,8.60335461,23.59852394,0
844,116.1388861,5.565113054,14.97632109,19.2218796,0
845,69.99613244,5.415173925,6.496459879,11.63417791,1
846,45.37534486,8.141968429,7.577786735,28.98122248,1
847,57.14905233,3.32735166,13.02430215,23.85778287,1
848,118.4901064,5.343983937,10.08248426,20.87194315,0
849,93.6539562,5.229316958,4.54580721,13.02138159,1
850,99.42560502,4.618191389,8.930994091,21.06611458,0
851,106.6674147,1.613008052,13.82890935,24.62168952,0
852,79.55120689,6.615674029,7.717045757,20.85679138,1
853,89.65782153,7.820580842,2.761227409,14.37188807,1
854,90.17402554,5.917921991,2.366417097,18.80918604,0
855,93.07148888,6.921333139,16.66922617,22.07224736,0
856,126.5526363,6.051220241,8.421198302,18.97991503,1
857,140.3057963,5.02895197,14.78209027,17.68305677,0
858,92.18567674,4.875355671,8.627429137,21.40147148,0
859,88.59368862,3.854196343,14.24254802,24.54032687,0
860,78.93446473,5.676438879,8.801235593,12.73522302,0
861,122.0257323,6.192989646,19.24306128,13.92228134,0
862,54.1265635,2.458740926,6.875156105,15.63752085,1
863,111.8155427,6.136429145,3.07195106,24.3909987,0
864,98.52121199,4.322032119,15.9766689,10.40823468,0
865,75.06961824,5.258793459,10.41559971,16.69519757,0
866,99.45710688,3.339098614,5.448260516,25.89893684,0
867,121.6317262,6.75078177,13.40702156,29.33795575,0
868,114.7522351,8.431125329,7.628707403,18.82036218,1
869,92.71961743,4.416559497,7.851092798,20.04745502,0
870,81.20317412,3.596922417,16.65929246,28.93618834,0
871,112.5839875,3.4599556,9.55563811,20.10523673,0
872,109.0459692,5.676199227,11.74388845,28.53522856,0
873,110.4843258,4.235053009,0.519490594,19.34608733,0
874,116.9915082,8.169210144,3.450941482,19.68227519,0
875,103.8120978,7.269640555,8.997681336,22.02727612,0
876,102.4793942,3.093397012,15.80107143,19.76489231,0
877,40.40741061,2.976387934,3.983636794,21.83648926,1
878,65.25015509,6.517189302,11.564672,29.1039685,1
879,79.89980726,5.74052648,4.066782741,27.52484802,0
880,74.56767682,6.870676368,12.55942326,22.1152823,0
881,100.5878455,3.565558453,8.893765856,17.20416571,1
882,74.8075587,4.766077576,12.08660266,16.41340258,0
883,99.95275419,7.734897111,5.007033789,23.96877485,1
884,130.137509,5.202382587,14.08518831,15.07394706,0
885,38.03726451,6.952447898,9.434284229,27.73003467,1
886,95.63440401,6.704440375,11.11081331,19.78096108,0
887,149.5649544,3.990332189,10.93640632,18.36231356,0
888,117.5837452,6.725755617,6.1602273,20.32533065,1
889,109.7127047,7.182145607,16.48823243,13.80339432,0
890,65.8156519,5.959677572,8.900099182,18.55766969,1
891,76.56789824,2.064227324,5.716563669,9.286585565,0
892,111.1732558,4.017628395,7.207469625,20.84383916,0
893,111.477811,4.322854659,21.43390744,19.31064027,0
894,62.00407061,7.218845249,8.68445736,19.61156735,1
895,66.64075237,5.308410978,7.929117505,24.0840816,1
896,85.48037995,5.429346392,8.227897246,22.6633833,0
897,107.0350689,7.087878707,12.46291481,18.47872857,0
898,99.46037526,6.227350341,6.075766387,21.53437631,0
899,84.36787387,4.8465296,5.206570983,19.74334925,1
900,88.74622122,7.300149089,9.480200693,19.53254467,0
901,144.1818595,7.314584347,14.1443224,19.5995033,0
902,93.06233681,2.784826228,10.33994528,23.1411528,0
903,61.07630613,7.493259931,10.24792415,14.85386299,1
904,56.15000758,4.315676276,19.28690263,15.97267387,0
905,79.55955309,3.499413633,10.85673913,21.37228294,0
906,89.82380218,8.421907302,10.41437913,19.17145683,0
907,103.4316914,5.612704504,13.5709673,21.26747678,0
908,120.6986348,5.993780501,8.806776459,15.53200519,0
909,92.30213289,0.728444701,3.023526407,12.01897619,1
910,88.35052336,3.801374555,7.404517458,14.78741775,0
911,115.3527008,5.551286899,10.67561382,30.50593676,0
912,98.64445333,4.105044248,15.80740539,20.81839552,0
913,69.10316146,3.565846515,8.005802309,14.55140271,0
914,92.71386405,9.616003508,5.00919737,10.3799619,1
915,92.58236161,7.716693676,9.283168115,18.93931747,0
916,63.31213637,1.591908431,10.17918291,19.17243884,0
917,90.05822233,5.453590411,8.184787829,20.27931562,1
918,113.767708,9.249942015,13.53510462,17.52550916,0
919,78.08825396,6.752245818,7.887755792,25.52507255,1
920,90.85880486,4.418646516,8.746706013,22.59782652,0
921,63.65942823,8.219087722,9.297211766,17.69867139,0
922,89.96041578,6.834247929,8.449293791,15.75502624,1
923,79.57936609,0.210070624,4.476383694,16.83145958,0
924,90.57254796,3.704723038,10.89724956,17.04082709,1
925,65.52842555,6.966219288,6.470635827,14.85158432,1
926,106.9870241,3.114951322,8.378494322,12.96795263,0
927,78.48528451,5.928211369,8.657021346,21.97879436,1
928,77.88444894,7.865953872,4.035577778,23.00472558,1
929,107.7773612,4.627589801,10.77607859,30.32188756,0
930,115.5969248,5.605270846,9.654221048,26.25620351,0
931,125.2177388,5.557569726,13.98111366,22.53124241,0
932,124.6470868,5.277068035,10.98686719,17.8455683,0
933,74.77124416,2.805076973,5.139647712,17.05212464,0
934,51.18400447,8.375330803,12.20575763,13.80609534,1
935,80.58119035,6.199550023,13.56293802,19.71898557,1
936,74.72679168,10.13982307,9.557304555,26.5906227,1
937,110.1709661,5.511712174,8.49050199,14.33120772,0
938,86.43922511,7.068013366,8.50543065,18.45594064,1
939,106.5416629,9.595703217,12.76801364,22.9420802,0
940,94.11790197,7.367835344,3.590860353,12.12164822,1
941,65.15045065,6.53146833,13.10291939,15.2129003,0
942,103.5708181,2.375620543,7.77913179,21.68467946,0
943,102.9255388,5.3108834,10.50122599,20.33305018,0
944,50.67623294,4.177667489,7.183906512,20.13231852,1
945,102.2137401,5.147455719,12.87442505,15.3495997,1
946,100.78831,4.506062276,11.45884761,21.52171612,0
947,126.4654699,6.401395428,5.824959529,21.65684259,0
948,108.4362634,6.734102171,6.173137823,17.92252837,1
949,94.11626112,7.436779668,13.93868059,14.46519812,0
950,74.1359172,7.524268855,13.30051608,11.19062805,0
951,61.81659786,6.978250159,15.56651714,15.66374125,0
952,96.80743097,8.072878885,8.146136572,11.36935678,0
953,85.04498475,4.09934813,7.659448227,22.1025501,0
954,102.9098556,6.004481708,13.8003636,21.86902825,0
955,94.433625,3.407222298,8.813847005,13.73331426,0
956,89.76348583,3.760046186,17.79034693,15.24904333,0
957,85.31973377,3.82759214,15.03697485,18.3323991,0
958,42.42681332,4.599480439,6.668766338,27.18408287,1
959,85.24027651,5.075949934,3.25934227,10.25721581,1
960,102.4353912,5.132718094,21.5727191,22.57664998,1
961,115.4101669,7.499291537,7.363569223,23.65096957,0
962,75.56798663,5.64319717,14.35969765,19.80715111,0
963,126.2829824,6.723099872,8.952956003,15.38703425,0
964,149.3265233,3.091881795,10.22957532,22.9583513,0
965,115.009061,2.502634252,7.528548975,19.31287055,1
966,80.43506201,4.739370597,8.837171731,14.79003058,1
967,74.31200773,3.77473762,7.166193355,16.75529799,0
968,116.2635167,4.643518845,9.706940112,26.66499094,0
969,93.5505889,2.217288109,6.17344018,8.128780919,0
970,109.7434146,2.636467055,5.712765993,27.42269541,0
971,122.1162412,3.401954478,21.14922045,14.72233184,0
972,97.30717319,4.421984612,12.71743152,23.70803877,0
973,105.0399873,3.532277057,3.914861088,19.94405121,0
974,87.27434224,3.688548662,5.830495354,25.85614486,0
975,75.89660633,4.373586466,12.25292276,14.41274262,1
976,134.2215051,8.727668232,12.50236206,23.52343745,0
977,85.14341483,4.623535233,12.40123274,21.660879,0
978,135.0869783,4.512411796,9.86002018,17.89551715,0
979,75.4795362,5.657200685,17.78496958,12.11438011,0
980,104.0995154,6.061002357,6.451472215,14.95885825,0
981,87.64998664,3.216479045,10.63234748,21.85087628,0
982,93.05853296,4.972306134,-1.444764521,14.37959373,1
983,92.66486154,1.855310904,15.71388017,23.76122041,0
984,94.15324391,4.73556545,8.262662665,16.87256018,0
985,119.4208404,5.159878142,10.15397079,23.08939015,0
986,84.16922291,2.481638848,3.523717801,20.64780715,1
987,69.65954496,4.163423757,-0.935389958,13.1677161,1
988,99.92998163,3.52399916,7.132461104,30.10921255,0
989,84.04472361,4.856921765,6.428741383,14.94427494,1
990,82.42888912,2.102739807,7.666890456,20.22050478,0
991,64.75349928,7.442388582,10.41341224,24.20407364,1
992,55.30950532,4.86747796,11.32331851,28.91283214,1
993,54.21076719,4.972860603,6.636100862,18.16538371,0
994,107.731642,3.57599855,11.33413397,17.31165937,0
995,118.9115307,8.776506397,14.06175116,20.43900856,0
996,91.37617339,4.652236834,9.139380472,25.56466197,1
997,51.26696422,3.05060601,8.320667326,18.20549541,1
998,96.40194318,1.359816959,3.187127816,24.50590109,1
999,116.0671907,4.222978036,14.18938395,14.08711789,0
1000,117.6268404,4.134437961,7.858796967,23.98739745,0
